{"cameraMode":{"drawMode":0,"name":"Shaded","section":"Shading Mode"},"sceneLighting":true,"audioPlay":false,"sceneViewState":{"showFog":true,"showMaterialUpdate":false,"showSkybox":true,"showFlares":true,"showImageEffects":true,"showParticleSystems":true},"in2DMode":false,"pivot":{"x":10.42625617980957,"y":1.8171989917755128,"z":0.6549100875854492},"rotation":{"x":0.011163188144564629,"y":0.667835533618927,"z":-0.010018283501267434,"w":0.7441570162773132},"size":10.0,"orthographic":false}